user_id,purchase_times
U002754,6
U004017,5
U006836,5
U004906,5
U009182,5
U000180,5
U000564,5
U005721,6
U006744,4
U007957,5
U009190,4
U009193,4
U009903,4
U001679,4
U001850,5
U002012,5
U004144,3
U004211,4
U004375,5
U004613,5
U004732,5
U004928,5
U005136,4
U006783,5
U006904,6
U008724,4
U000411,5
U000482,4
U001799,5
U002203,6
U002630,4
U002925,3
U003247,4
U003572,6
U003957,4
U004023,5
U004206,4
U004737,3
U004833,3
U004853,5
U006618,4
U006660,7
U006966,5
U007268,4
U007930,6
U008733,4
U008868,5
U009291,5
U009806,3
U009818,4
U009857,6
U000035,4
U000192,4
U000262,3
U000684,5
U000817,5
U001668,3
U001785,4
U002184,3
U002286,3
U002461,3
U002722,4
U002757,4
U002830,3
U003319,5
U003610,4
U003637,4
U003830,4
U004013,3
U004324,4
U004335,5
U004530,4
U004627,3
U004961,5
U005072,2
U005161,5
U005171,5
U005505,4
U005610,5
U005803,3
U005872,4
U006319,5
U007302,4
U007532,4
U008085,3
U008092,4
U008163,4
U008338,4
U008614,3
U008674,6
U008850,4
U008870,3
U008883,5
U009367,4
U009495,5
U009661,4
U009910,4
U009969,4
U000006,5
U000078,4
U000160,3
U000218,3
U000612,3
U000837,5
U001043,4
U001139,4
U001144,3
U001193,3
U001285,6
U001303,5
U001311,3
U001383,4
U001513,3
U001565,4
U001703,2
U001713,4
U001757,4
U001886,4
U002404,5
U002490,4
U002499,3
U002708,3
U002910,5
U003240,3
U003383,3
U003394,3
U003571,4
U003971,3
U004298,4
U004598,5
U004661,4
U004772,3
U004880,4
U004903,4
U005117,5
U005124,4
U005146,3
U005151,3
U005195,4
U005440,3
U005441,4
U005530,4
U005698,5
U006038,5
U006096,4
U006159,5
U006299,5
U006439,3
U006469,3
U006477,3
U006548,4
U006673,3
U006830,5
U007171,4
U007190,4
U007254,3
U007554,5
U007881,3
U007882,3
U007912,4
U008268,4
U008534,3
U008788,3
U008988,3
U008998,4
U009435,3
U009574,5
U009777,4
U009887,4
U000023,4
U000384,4
U000415,2
U000456,4
U000698,3
U000713,4
U000793,3
U001252,2
U001452,4
U001492,3
U001537,5
U001604,3
U001718,3
U001802,5
U002076,3
U002114,5
U002279,6
U002291,3
U002417,3
U002477,3
U002530,4
U002625,3
U002628,3
U002863,3
U002870,4
U002931,4
U002969,3
U003127,3
U003209,4
U003211,2
U003214,2
U003271,2
U003314,3
U003481,3
U003562,2
U003636,4
U003669,3
U003790,2
U003827,4
U003885,3
U003972,4
U003973,3
U004255,3
U004367,4
U004419,4
U004431,3
U004475,3
U004525,3
U004637,4
U004760,3
U005023,3
U005386,5
U005492,2
U005536,3
U005900,4
U006072,4
U006085,3
U006255,4
U006257,4
U006367,4
U006383,3
U006403,4
U006408,5
U006506,4
U006522,2
U006722,4
U007307,6
U007490,2
U007567,2
U007598,6
U007665,2
U007743,5
U008035,4
U008089,3
U008181,4
U008236,3
U008345,5
U008465,5
U008565,3
U008714,4
U008758,3
U008806,3
U009179,4
U009282,4
U009545,4
U009759,5
U009812,3
U009856,4
U009873,3
U000119,4
U000178,2
U000286,4
U000318,2
U000321,4
U000362,5
U000368,4
U000416,3
U000512,2
U000524,4
U000583,3
U000614,2
U000645,5
U000704,3
U000758,3
U000890,4
U000892,3
U000932,2
U000968,3
U000978,4
U001041,4
U001052,5
U001098,3
U001137,3
U001157,3
U001225,3
U001309,4
U001340,3
U001438,3
U001479,3
U001523,3
U001530,3
U001646,4
U001782,4
U001806,4
U001885,4
U001935,3
U002047,4
U002052,4
U002104,3
U002115,4
U002141,2
U002352,2
U002453,2
U002454,2
U002473,3
U002575,3
U002586,2
U002768,3
U002915,3
U002961,4
U003125,2
U003188,2
U003190,3
U003244,3
U003342,3
U003364,2
U003378,2
U003395,3
U003430,3
U003506,2
U003521,2
U003576,5
U003703,3
U003708,3
U003746,3
U003782,3
U003792,4
U003795,3
U003838,2
U003943,4
U003987,2
U004227,4
U004306,5
U004321,3
U004464,4
U004511,3
U004550,3
U004736,4
U004785,4
U004894,4
U004953,3
U004988,3
U005087,4
U005096,4
U005105,4
U005187,2
U005306,3
U005373,3
U005426,3
U005431,3
U005473,2
U005496,4
U005535,3
U005850,3
U005868,2
U005914,6
U006092,2
U006173,4
U006247,4
U006268,3
U006435,3
U006442,3
U006493,3
U006555,4
U006565,3
U006644,3
U006755,4
U006785,3
U006817,3
U006935,3
U006956,2
U006985,3
U007030,3
U007252,5
U007274,3
U007391,4
U007405,3
U007430,3
U007479,2
U007594,2
U007633,3
U007637,3
U007754,4
U007833,4
U007909,3
U008058,4
U008088,4
U008127,2
U008480,3
U008518,3
U008917,4
U009071,5
U009073,4
U009094,4
U009244,4
U009313,4
U009505,4
U009525,3
U009638,3
U009789,5
U009837,2
U009847,2
U009942,3
U009987,4
U000002,3
U000036,3
U000082,4
U000084,3
U000111,3
U000136,3
U000168,2
U000204,4
U000219,4
U000242,2
U000331,3
U000379,3
U000394,2
U000528,2
U000570,4
U000638,4
U000725,4
U000754,3
U000772,3
U000815,5
U000844,3
U000846,3
U000884,2
U000897,3
U001036,2
U001151,3
U001186,2
U001453,3
U001611,3
U001734,3
U001810,3
U001842,3
U001983,3
U002032,3
U002053,3
U002102,4
U002128,3
U002210,2
U002223,3
U002227,5
U002302,2
U002360,3
U002377,3
U002476,3
U002495,4
U002644,3
U002688,4
U002701,3
U002721,4
U002731,2
U002773,4
U002788,4
U002818,3
U002853,3
U002885,3
U002895,2
U002953,2
U002960,3
U002995,4
U003018,2
U003052,2
U003088,2
U003210,3
U003243,3
U003262,3
U003391,3
U003392,2
U003400,3
U003477,3
U003530,4
U003544,4
U003591,2
U003602,3
U003632,2
U003701,3
U003713,4
U003735,3
U003744,2
U003877,4
U003910,2
U004031,4
U004053,3
U004163,4
U004277,2
U004282,4
U004314,4
U004428,2
U004460,3
U004476,2
U004531,3
U004544,3
U004581,4
U004771,2
U004887,3
U004898,3
U004923,5
U004926,3
U004941,2
U004964,3
U005059,3
U005103,3
U005109,3
U005269,3
U005348,3
U005423,3
U005428,3
U005489,3
U005529,4
U005544,4
U005553,3
U005568,2
U005602,3
U005603,2
U005629,3
U005702,2
U005729,2
U005733,2
U005827,3
U005863,5
U006005,3
U006027,2
U006045,3
U006048,3
U006093,2
U006097,3
U006099,2
U006117,3
U006128,5
U006160,3
U006165,4
U006168,3
U006215,2
U006296,2
U006378,3
U006414,5
U006464,3
U006480,2
U006646,2
U006801,3
U006806,3
U006811,3
U006871,2
U006936,4
U006946,2
U007095,4
U007137,2
U007206,3
U007216,3
U007357,2
U007409,3
U007457,4
U007465,3
U007483,2
U007489,2
U007516,3
U007547,2
U007566,4
U007638,3
U007680,3
U007688,3
U007822,3
U007834,4
U007887,3
U007913,3
U007992,2
U008005,2
U008029,3
U008033,3
U008037,2
U008068,3
U008159,3
U008184,3
U008256,4
U008267,4
U008276,4
U008328,2
U008365,3
U008376,2
U008398,2
U008435,4
U008449,2
U008454,3
U008489,2
U008535,2
U008573,3
U008635,3
U008702,3
U008710,2
U008742,3
U008751,3
U008781,3
U008785,2
U008887,2
U008980,3
U009046,2
U009114,3
U009149,3
U009165,3
U009205,3
U009242,4
U009318,3
U009326,4
U009356,2
U009376,4
U009402,2
U009513,3
U009555,2
U009632,3
U009689,3
U009718,2
U009804,2
U009810,2
U009900,2
U009916,4
U000097,3
U000134,2
U000153,2
U000183,3
U000217,2
U000220,3
U000253,2
U000257,2
U000264,4
U000288,3
U000322,4
U000417,4
U000425,3
U000426,3
U000435,3
U000441,3
U000462,2
U000508,2
U000518,4
U000536,3
U000539,2
U000567,2
U000620,2
U000634,3
U000640,2
U000642,3
U000671,2
U000675,2
U000677,3
U000685,3
U000695,3
U000716,2
U000763,2
U000774,2
U000778,3
U000801,4
U000827,3
U000829,3
U000843,2
U000858,4
U000867,3
U000876,2
U000902,3
U000909,3
U000955,4
U001026,2
U001028,3
U001040,4
U001050,3
U001054,5
U001067,3
U001068,2
U001132,3
U001142,3
U001195,4
U001200,3
U001214,2
U001216,2
U001274,3
U001283,2
U001322,3
U001381,3
U001550,3
U001573,2
U001762,2
U001844,2
U001882,3
U001916,2
U001968,2
U001973,3
U002083,2
U002123,2
U002267,4
U002287,2
U002356,2
U002399,4
U002429,3
U002465,5
U002466,3
U002515,3
U002529,3
U002533,3
U002571,2
U002606,2
U002613,3
U002649,3
U002711,3
U002730,3
U002747,2
U002760,3
U002808,2
U002836,2
U002842,3
U002847,4
U002868,2
U002878,3
U002923,3
U002932,3
U002934,3
U002972,3
U002973,3
U002982,3
U003005,2
U003072,3
U003079,2
U003089,3
U003103,3
U003112,3
U003122,3
U003136,3
U003144,3
U003161,3
U003194,3
U003213,3
U003239,3
U003266,3
U003289,4
U003321,3
U003348,2
U003407,2
U003431,4
U003449,3
U003453,3
U003460,2
U003528,3
U003531,2
U003547,3
U003558,3
U003643,3
U003648,3
U003663,3
U003686,3
U003689,3
U003711,3
U003734,4
U003737,2
U003768,2
U003773,4
U003779,3
U003796,3
U003810,3
U003811,3
U003820,3
U003844,3
U003858,2
U003881,2
U003887,3
U003889,3
U003904,2
U003911,3
U003914,2
U003991,3
U004030,2
U004061,4
U004062,3
U004082,3
U004145,2
U004161,2
U004204,3
U004232,2
U004248,2
U004253,3
U004266,2
U004267,3
U004275,4
U004326,3
U004397,3
U004443,3
U004471,3
U004520,3
U004566,4
U004594,3
U004601,2
U004629,3
U004644,3
U004646,2
U004684,3
U004717,5
U004734,3
U004735,3
U004746,3
U004817,2
U004821,3
U004849,2
U004858,2
U004912,2
U004942,4
U004977,4
U005060,4
U005128,2
U005132,3
U005148,2
U005155,2
U005156,4
U005193,3
U005218,3
U005243,2
U005259,3
U005358,2
U005383,4
U005471,2
U005504,2
U005537,4
U005598,3
U005608,2
U005660,4
U005670,2
U005735,3
U005743,2
U005784,2
U005797,2
U005825,3
U005869,3
U005907,2
U005961,2
U005965,2
U006037,5
U006090,3
U006130,2
U006181,3
U006182,3
U006241,2
U006249,3
U006310,5
U006374,3
U006387,2
U006388,3
U006402,2
U006456,3
U006478,3
U006508,2
U006516,2
U006527,2
U006539,2
U006550,3
U006561,2
U006564,3
U006596,2
U006603,3
U006604,4
U006686,4
U006699,4
U006748,2
U006770,2
U006813,2
U006901,3
U006937,3
U006972,2
U006991,3
U007044,2
U007223,2
U007241,2
U007246,2
U007305,3
U007312,2
U007319,3
U007522,3
U007538,3
U007561,3
U007578,2
U007605,3
U007667,3
U007717,4
U007731,3
U007815,2
U007871,3
U007899,3
U008061,2
U008080,2
U008086,2
U008104,2
U008109,3
U008110,2
U008148,3
U008178,2
U008206,2
U008226,2
U008295,3
U008373,3
U008420,3
U008456,2
U008472,2
U008476,3
U008498,2
U008512,2
U008540,3
U008570,2
U008574,2
U008581,2
U008598,3
U008652,2
U008691,3
U008694,3
U008721,4
U008722,3
U008727,4
U008737,2
U008743,3
U008752,3
U008771,2
U008872,2
U008919,2
U008954,3
U009030,3
U009049,4
U009089,3
U009108,2
U009133,3
U009143,3
U009189,3
U009192,3
U009262,3
U009334,3
U009375,2
U009391,3
U009393,3
U009399,2
U009420,2
U009440,2
U009448,2
U009470,2
U009476,2
U009511,3
U009557,3
U009587,4
U009618,3
U009645,2
U009670,2
U009687,3
U009753,2
U009826,3
U009854,3
U009866,3
U009868,3
U009876,4
U009896,3
U009902,4
U009957,2
U009959,4
U009989,2
U000081,2
U000088,2
U000107,4
U000175,3
U000193,2
U000202,3
U000209,2
U000228,2
U000272,2
U000280,3
U000284,2
U000307,2
U000336,2
U000373,2
U000401,3
U000410,3
U000431,2
U000458,3
U000464,4
U000496,3
U000514,3
U000515,2
U000526,3
U000542,2
U000545,2
U000568,3
U000588,2
U000594,3
U000631,2
U000633,2
U000687,3
U000717,2
U000731,2
U000750,2
U000779,2
U000795,4
U000821,2
U000840,2
U000841,3
U000853,2
U000861,2
U000871,2
U000912,2
U000929,3
U000991,2
U001011,2
U001021,3
U001099,2
U001117,3
U001136,2
U001176,4
U001181,3
U001196,3
U001245,2
U001254,2
U001260,3
U001271,2
U001294,2
U001300,2
U001341,3
U001356,2
U001388,2
U001402,3
U001419,2
U001425,2
U001435,2
U001449,2
U001483,3
U001491,3
U001509,2
U001529,3
U001560,4
U001568,2
U001666,3
U001692,3
U001700,2
U001740,3
U001759,3
U001771,2
U001801,2
U001808,2
U001838,3
U001868,2
U001871,3
U001887,2
U001893,3
U001900,2
U001919,2
U001925,2
U001927,3
U001939,2
U001984,3
U001988,3
U001990,4
U002002,3
U002008,2
U002011,2
U002013,3
U002027,2
U002120,3
U002139,2
U002142,2
U002152,3
U002221,2
U002222,2
U002295,2
U002311,2
U002315,3
U002321,2
U002331,2
U002381,3
U002400,2
U002436,3
U002441,3
U002442,2
U002478,2
U002497,3
U002593,2
U002618,2
U002671,3
U002678,2
U002740,2
U002769,2
U002815,2
U002828,3
U002841,2
U002855,3
U002856,3
U002888,2
U002899,2
U002937,2
U002977,3
U003003,3
U003020,2
U003068,3
U003078,2
U003092,2
U003147,3
U003219,2
U003220,3
U003221,3
U003227,2
U003230,3
U003234,3
U003235,2
U003242,3
U003255,3
U003275,2
U003287,2
U003324,2
U003335,3
U003339,3
U003347,3
U003365,3
U003368,2
U003409,3
U003435,2
U003439,2
U003455,4
U003458,4
U003470,2
U003529,2
U003554,2
U003631,3
U003671,3
U003681,3
U003702,2
U003726,2
U003739,3
U003750,2
U003757,2
U003839,3
U003853,2
U003868,2
U003873,3
U003884,2
U003886,2
U003909,3
U003912,2
U003917,3
U003920,2
U003933,2
U003940,3
U003948,3
U003980,2
U003995,3
U004015,3
U004042,4
U004098,3
U004111,3
U004130,2
U004156,2
U004157,2
U004177,2
U004195,2
U004202,2
U004228,2
U004231,2
U004236,2
U004338,2
U004376,2
U004383,3
U004393,3
U004423,2
U004430,2
U004439,3
U004502,4
U004583,2
U004595,3
U004643,2
U004659,2
U004679,3
U004716,3
U004742,2
U004747,2
U004759,2
U004816,2
U004827,2
U004860,2
U004891,3
U004910,3
U004918,4
U004937,2
U004945,2
U004989,2
U004999,2
U005021,2
U005131,2
U005160,2
U005170,2
U005177,2
U005206,2
U005217,2
U005255,3
U005281,2
U005314,2
U005435,2
U005446,4
U005482,2
U005524,4
U005554,4
U005590,2
U005618,3
U005627,3
U005646,2
U005683,2
U005692,3
U005707,2
U005723,2
U005744,3
U005760,3
U005792,2
U005800,3
U005892,2
U005897,2
U005917,2
U005921,3
U006000,3
U006075,3
U006108,2
U006133,2
U006166,3
U006167,2
U006180,2
U006218,3
U006229,2
U006235,3
U006237,3
U006242,3
U006274,3
U006280,2
U006284,2
U006318,3
U006321,2
U006344,3
U006349,2
U006362,2
U006389,3
U006421,2
U006425,3
U006431,3
U006444,2
U006457,4
U006498,2
U006511,2
U006531,2
U006559,3
U006568,2
U006574,2
U006582,4
U006599,2
U006606,3
U006610,2
U006635,2
U006641,2
U006659,4
U006669,2
U006689,2
U006704,2
U006750,2
U006754,4
U006790,4
U006835,2
U006845,3
U006851,2
U006868,3
U006885,2
U006899,3
U006921,3
U006926,3
U006930,3
U006960,3
U007004,2
U007074,2
U007112,2
U007115,2
U007118,2
U007127,2
U007145,2
U007149,3
U007151,3
U007159,3
U007185,2
U007286,2
U007288,2
U007293,2
U007310,2
U007316,2
U007364,3
U007427,2
U007493,2
U007518,4
U007544,2
U007550,2
U007583,3
U007587,3
U007596,3
U007613,3
U007617,3
U007682,2
U007704,2
U007712,3
U007716,2
U007739,2
U007741,2
U007756,2
U007774,3
U007844,2
U007854,2
U007856,2
U007874,2
U007876,2
U007906,4
U007927,2
U007947,4
U007975,3
U007977,2
U007982,4
U007987,2
U008014,4
U008032,2
U008063,3
U008082,3
U008124,3
U008179,4
U008185,3
U008202,2
U008223,2
U008403,2
U008428,3
U008464,3
U008466,3
U008488,2
U008499,2
U008501,2
U008502,2
U008562,3
U008588,2
U008607,3
U008610,2
U008611,2
U008686,2
U008720,2
U008741,2
U008770,2
U008774,3
U008807,2
U008843,2
U008877,3
U008902,2
U008926,2
U008930,3
U008938,2
U008939,3
U008944,2
U008953,2
U008992,2
U009007,3
U009048,2
U009060,2
U009063,2
U009097,4
U009117,2
U009127,3
U009150,2
U009158,2
U009172,2
U009187,3
U009212,2
U009219,5
U009243,3
U009267,4
U009285,2
U009323,4
U009337,2
U009347,2
U009368,3
U009403,2
U009424,2
U009429,4
U009474,3
U009494,2
U009504,3
U009621,3
U009651,3
U009737,2
U009744,2
U009758,2
U009780,2
U009781,4
U009807,2
U009849,2
U009892,3
U009935,4
U009944,2
U000010,2
U000020,2
U000026,2
U000038,2
U000044,2
U000083,3
U000102,2
U000127,3
U000163,2
U000169,2
U000250,2
U000261,2
U000263,3
U000276,2
U000299,3
U000301,2
U000309,3
U000312,3
U000317,2
U000323,2
U000326,2
U000332,2
U000347,2
U000349,2
U000356,2
U000357,2
U000374,2
U000387,2
U000392,2
U000429,2
U000442,2
U000481,3
U000486,2
U000494,2
U000499,2
U000563,2
U000571,2
U000573,3
U000605,2
U000606,3
U000610,2
U000623,3
U000636,3
U000676,2
U000714,5
U000749,2
U000751,2
U000782,3
U000788,3
U000820,3
U000869,2
U000878,3
U000918,2
U000926,2
U000957,2
U000985,3
U001016,3
U001046,3
U001066,2
U001072,2
U001080,3
U001093,2
U001094,2
U001112,2
U001113,3
U001123,2
U001131,3
U001145,4
U001153,3
U001161,3
U001178,2
U001235,2
U001250,2
U001264,3
U001277,2
U001304,2
U001305,2
U001332,3
U001337,2
U001379,3
U001389,2
U001393,3
U001465,2
U001470,3
U001502,3
U001515,2
U001521,2
U001572,3
U001574,2
U001577,2
U001628,2
U001660,3
U001677,2
U001680,2
U001687,2
U001714,2
U001737,2
U001750,2
U001768,3
U001804,2
U001824,3
U001835,2
U001866,2
U001876,2
U001912,2
U001923,3
U001932,2
U001959,2
U001967,2
U002004,3
U002021,2
U002028,4
U002056,2
U002067,3
U002080,2
U002086,2
U002089,2
U002117,2
U002125,2
U002133,2
U002147,2
U002149,2
U002153,2
U002178,2
U002187,3
U002189,3
U002199,3
U002200,2
U002238,2
U002255,3
U002257,2
U002260,2
U002283,2
U002347,2
U002369,2
U002371,2
U002376,2
U002383,2
U002438,3
U002464,3
U002485,2
U002498,2
U002502,3
U002578,2
U002612,2
U002632,2
U002634,2
U002661,2
U002672,2
U002681,2
U002695,2
U002706,2
U002715,2
U002718,3
U002756,2
U002779,2
U002787,2
U002791,3
U002798,2
U002845,2
U002849,2
U002864,3
U002867,2
U002877,2
U002880,2
U002928,3
U002935,2
U002980,2
U002987,2
U003007,2
U003012,2
U003013,2
U003019,2
U003026,2
U003030,3
U003042,2
U003044,2
U003047,2
U003056,2
U003060,3
U003075,2
U003081,3
U003130,2
U003142,2
U003159,3
U003181,3
U003196,3
U003204,2
U003216,2
U003217,2
U003229,2
U003263,2
U003288,2
U003290,2
U003331,2
U003341,2
U003359,2
U003414,2
U003425,2
U003433,2
U003441,2
U003502,3
U003505,3
U003509,2
U003542,2
U003563,2
U003647,2
U003664,2
U003690,2
U003718,2
U003731,2
U003780,3
U003781,3
U003784,3
U003852,3
U003862,2
U003879,3
U003905,3
U003906,2
U003923,2
U003993,3
U004020,2
U004033,3
U004049,2
U004069,2
U004073,3
U004112,2
U004121,3
U004138,2
U004151,3
U004162,3
U004164,2
U004199,2
U004201,2
U004203,2
U004221,2
U004226,2
U004243,2
U004263,2
U004291,2
U004297,2
U004332,2
U004334,2
U004371,2
U004413,2
U004436,2
U004441,2
U004453,3
U004466,2
U004495,2
U004501,2
U004516,3
U004539,2
U004569,3
U004575,2
U004579,2
U004597,2
U004612,2
U004636,2
U004642,2
U004647,2
U004691,2
U004706,2
U004708,3
U004749,3
U004778,2
U004782,2
U004810,2
U004818,3
U004825,3
U004830,2
U004831,3
U004882,2
U004904,2
U004948,2
U004978,2
U004981,2
U004994,2
U005007,2
U005008,2
U005014,2
U005026,2
U005044,2
U005078,2
U005079,3
U005098,2
U005176,2
U005183,2
U005190,2
U005207,2
U005226,2
U005237,3
U005323,2
U005330,2
U005343,2
U005401,3
U005412,2
U005420,3
U005421,2
U005422,2
U005439,2
U005451,3
U005455,4
U005463,2
U005481,3
U005484,2
U005488,2
U005526,2
U005560,3
U005567,2
U005575,2
U005577,3
U005585,4
U005597,3
U005601,2
U005606,3
U005711,2
U005742,2
U005752,2
U005758,2
U005772,2
U005787,2
U005805,3
U005809,2
U005819,3
U005841,2
U005845,2
U005858,2
U005877,3
U005878,3
U005896,2
U005901,3
U005928,2
U005929,2
U005931,2
U005955,4
U005967,2
U005988,2
U006002,2
U006049,2
U006058,2
U006105,2
U006150,2
U006186,2
U006208,2
U006222,3
U006238,2
U006240,3
U006302,3
U006339,2
U006358,4
U006364,2
U006397,2
U006465,3
U006486,3
U006517,2
U006518,2
U006523,2
U006557,2
U006562,2
U006584,2
U006628,2
U006657,3
U006665,2
U006667,2
U006685,2
U006696,3
U006708,4
U006735,3
U006763,3
U006771,4
U006787,2
U006814,2
U006826,2
U006839,2
U006874,3
U006880,2
U006884,2
U006895,2
U006916,3
U006934,2
U006959,2
U006986,2
U007035,2
U007069,2
U007079,2
U007080,3
U007096,2
U007123,3
U007144,4
U007150,2
U007164,3
U007220,2
U007229,3
U007237,2
U007243,2
U007259,3
U007261,3
U007292,3
U007297,2
U007306,2
U007351,2
U007368,2
U007383,2
U007386,2
U007392,3
U007436,2
U007453,3
U007456,3
U007551,3
U007558,3
U007565,2
U007607,2
U007620,2
U007625,3
U007632,2
U007656,2
U007675,2
U007681,3
U007776,2
U007784,2
U007805,3
U007829,2
U007872,3
U007892,2
U007926,3
U007945,2
U007996,3
U008042,2
U008049,2
U008072,2
U008074,2
U008091,3
U008095,3
U008133,2
U008136,2
U008142,2
U008145,2
U008166,3
U008171,4
U008176,2
U008189,2
U008192,2
U008209,3
U008222,2
U008275,2
U008292,2
U008347,3
U008355,2
U008372,2
U008400,2
U008418,2
U008422,2
U008442,2
U008467,3
U008470,3
U008481,2
U008491,2
U008541,2
U008546,2
U008550,2
U008552,4
U008561,2
U008584,2
U008599,2
U008628,2
U008646,2
U008659,2
U008661,2
U008685,3
U008706,2
U008728,3
U008730,2
U008731,2
U008744,3
U008749,2
U008789,2
U008791,2
U008794,2
U008856,2
U008882,2
U008892,2
U008925,2
U008960,2
U009022,2
U009124,2
U009141,2
U009180,2
U009184,2
U009188,2
U009240,4
U009249,2
U009257,2
U009298,3
U009315,2
U009331,2
U009333,2
U009352,2
U009406,3
U009414,2
U009464,2
U009482,2
U009492,2
U009528,2
U009529,3
U009556,2
U009616,2
U009642,3
U009649,2
U009652,3
U009653,3
U009658,2
U009681,3
U009695,3
U009698,2
U009723,2
U009751,2
U009772,2
U009778,3
U009793,2
U009800,2
U009832,2
U009844,2
U009869,3
U009894,2
U009904,3
U009913,3
U009919,2
U009931,3
U009941,3
U009974,2
U000011,2
U000022,2
U000048,2
U000056,2
U000077,2
U000087,2
U000090,2
U000106,2
U000125,2
U000139,2
U000157,3
U000159,3
U000161,2
U000172,2
U000174,2
U000188,2
U000215,2
U000234,2
U000270,2
U000273,2
U000282,3
U000291,2
U000295,3
U000338,2
U000358,2
U000364,2
U000371,3
U000391,2
U000396,2
U000409,2
U000479,2
U000492,2
U000533,3
U000591,2
U000621,3
U000646,2
U000650,2
U000654,2
U000669,2
U000707,3
U000708,2
U000730,3
U000747,2
U000752,2
U000770,2
U000781,2
U000784,3
U000796,3
U000845,2
U000857,2
U000888,2
U000931,3
U000949,2
U000983,2
U000994,2
U001032,2
U001048,2
U001053,2
U001109,2
U001111,2
U001135,2
U001191,3
U001202,2
U001224,3
U001331,2
U001344,2
U001353,2
U001373,2
U001385,2
U001401,3
U001404,2
U001406,2
U001415,2
U001418,2
U001432,2
U001454,2
U001480,2
U001490,2
U001512,2
U001549,2
U001559,2
U001598,2
U001599,2
U001631,2
U001645,2
U001664,2
U001676,3
U001719,2
U001736,3
U001763,2
U001775,3
U001777,2
U001778,3
U001790,2
U001813,3
U001858,2
U001872,2
U001884,2
U001889,2
U001931,2
U001956,2
U002018,2
U002029,2
U002050,2
U002065,2
U002069,2
U002095,2
U002105,2
U002138,2
U002143,2
U002240,4
U002247,2
U002270,3
U002271,3
U002276,2
U002278,2
U002288,3
U002293,2
U002304,2
U002309,2
U002336,2
U002346,2
U002362,2
U002420,2
U002426,2
U002431,3
U002440,2
U002455,2
U002471,2
U002479,2
U002511,2
U002526,2
U002554,2
U002556,2
U002559,2
U002577,2
U002641,3
U002645,2
U002659,2
U002660,2
U002669,3
U002686,2
U002699,2
U002702,3
U002705,2
U002743,2
U002748,2
U002763,3
U002780,2
U002783,2
U002822,2
U002823,2
U002824,2
U002834,2
U002843,2
U002848,2
U002882,3
U002903,2
U002913,2
U002919,3
U002941,2
U002949,3
U002958,2
U002986,2
U003009,3
U003017,2
U003029,2
U003055,2
U003061,2
U003066,2
U003073,2
U003086,2
U003091,2
U003100,3
U003137,2
U003145,2
U003195,2
U003197,2
U003237,3
U003273,2
U003276,3
U003277,2
U003286,2
U003294,2
U003307,3
U003320,2
U003356,2
U003361,3
U003375,3
U003382,2
U003432,3
U003451,2
U003454,2
U003467,2
U003471,2
U003476,2
U003487,3
U003497,2
U003498,2
U003507,2
U003519,2
U003539,2
U003568,3
U003570,2
U003599,2
U003607,3
U003622,2
U003633,2
U003640,2
U003679,2
U003693,2
U003699,2
U003704,2
U003710,2
U003723,2
U003724,3
U003730,2
U003755,2
U003756,2
U003759,2
U003765,2
U003801,2
U003809,2
U003819,2
U003821,2
U003828,2
U003908,2
U003929,2
U003934,2
U003996,2
U004008,3
U004009,2
U004014,3
U004044,2
U004045,2
U004047,2
U004059,2
U004066,2
U004083,2
U004108,2
U004125,2
U004131,2
U004136,2
U004158,2
U004172,2
U004180,2
U004193,2
U004210,2
U004219,2
U004225,2
U004238,2
U004245,2
U004247,3
U004258,2
U004265,2
U004269,3
U004273,2
U004281,2
U004292,2
U004295,2
U004308,2
U004317,2
U004337,2
U004345,2
U004368,2
U004381,2
U004407,2
U004415,2
U004424,2
U004445,3
U004446,3
U004470,2
U004485,2
U004487,2
U004513,3
U004517,2
U004518,2
U004519,2
U004551,2
U004576,3
U004593,2
U004607,2
U004630,2
U004668,2
U004672,3
U004677,3
U004683,2
U004707,2
U004714,2
U004740,2
U004756,2
U004773,2
U004787,2
U004814,2
U004843,2
U004852,2
U004854,2
U004861,3
U004881,2
U004889,3
U004907,2
U004925,2
U004944,2
U004962,2
U004983,2
U004985,2
U004986,2
U005029,2
U005033,2
U005058,2
U005080,2
U005092,2
U005101,3
U005107,2
U005153,2
U005180,2
U005197,2
U005233,2
U005256,2
U005267,2
U005276,3
U005280,2
U005284,2
U005308,2
U005324,2
U005325,2
U005326,2
U005338,3
U005342,2
U005367,2
U005376,3
U005387,2
U005397,2
U005405,2
U005406,2
U005408,2
U005413,2
U005425,2
U005437,2
U005485,2
U005499,2
U005514,2
U005515,2
U005517,3
U005569,2
U005581,2
U005617,2
U005643,2
U005644,2
U005669,2
U005703,3
U005710,2
U005776,2
U005814,2
U005848,2
U005855,2
U005856,2
U005889,2
U005923,2
U005936,4
U005948,2
U005951,2
U005952,2
U005969,2
U005984,2
U006009,2
U006015,2
U006032,3
U006079,2
U006100,4
U006126,2
U006140,2
U006142,2
U006149,2
U006190,2
U006209,2
U006210,3
U006220,2
U006225,2
U006253,2
U006294,2
U006309,2
U006323,2
U006333,3
U006351,3
U006380,2
U006391,2
U006406,2
U006410,3
U006417,3
U006460,2
U006474,2
U006512,2
U006524,2
U006526,2
U006538,3
U006551,2
U006556,2
U006577,3
U006583,2
U006611,2
U006637,3
U006680,2
U006694,3
U006702,2
U006743,3
U006751,2
U006759,3
U006777,2
U006819,2
U006820,2
U006838,2
U006848,2
U006850,2
U006854,2
U006857,4
U006892,2
U006898,2
U006911,2
U006948,3
U006949,3
U006971,2
U006979,2
U007031,2
U007072,2
U007085,2
U007089,2
U007116,2
U007148,2
U007166,2
U007194,3
U007207,2
U007208,3
U007226,3
U007227,2
U007231,2
U007239,2
U007242,2
U007244,2
U007264,2
U007277,2
U007303,2
U007327,4
U007334,2
U007387,3
U007395,2
U007410,2
U007414,2
U007425,2
U007431,2
U007435,2
U007441,2
U007481,2
U007484,3
U007499,2
U007500,2
U007517,2
U007528,3
U007541,2
U007555,3
U007560,2
U007569,2
U007603,2
U007610,2
U007651,2
U007673,2
U007730,2
U007738,2
U007745,4
U007746,2
U007747,2
U007748,3
U007749,2
U007755,2
U007783,3
U007807,2
U007814,3
U007818,2
U007850,2
U007863,2
U007866,2
U007890,2
U007904,2
U007933,2
U007953,2
U007962,2
U007978,2
U007981,2
U007991,2
U008023,2
U008038,2
U008051,2
U008054,3
U008055,2
U008087,3
U008134,2
U008140,3
U008146,2
U008157,2
U008162,2
U008188,2
U008207,3
U008229,3
U008230,3
U008253,2
U008257,2
U008269,2
U008314,2
U008320,2
U008324,2
U008364,3
U008366,2
U008401,2
U008406,2
U008408,3
U008413,2
U008429,2
U008441,2
U008462,2
U008477,2
U008494,2
U008504,2
U008577,2
U008600,4
U008601,2
U008638,2
U008643,2
U008644,2
U008673,2
U008678,2
U008693,2
U008697,2
U008716,2
U008725,2
U008745,2
U008775,3
U008800,2
U008810,2
U008821,3
U008823,2
U008848,2
U008853,2
U008862,2
U008869,2
U008878,2
U008884,3
U008885,2
U008895,2
U008907,2
U008913,2
U008943,2
U008957,2
U008966,2
U008971,2
U008976,2
U008977,2
U008994,2
U009006,2
U009018,2
U009032,2
U009034,4
U009061,3
U009070,2
U009107,3
U009140,2
U009147,2
U009235,2
U009265,2
U009269,2
U009280,2
U009289,2
U009294,2
U009343,2
U009372,2
U009380,2
U009400,2
U009437,3
U009439,2
U009459,2
U009465,2
U009466,2
U009479,3
U009554,2
U009562,2
U009578,2
U009589,3
U009591,3
U009592,2
U009598,2
U009615,2
U009627,2
U009660,2
U009664,2
U009668,3
U009705,2
U009708,2
U009729,2
U009741,2
U009752,2
U009754,3
U009801,2
U009808,3
U009809,2
U009848,2
U009871,2
U009883,2
U009885,2
U009905,3
U009943,2
U009950,2
U009955,2
U009967,2
U009970,2
U009981,2
U000019,2
U000031,2
U000046,2
U000079,2
U000103,2
U000131,2
U000137,2
U000149,2
U000151,2
U000166,2
U000196,2
U000203,2
U000227,2
U000271,3
U000289,2
U000310,2
U000352,2
U000372,2
U000399,2
U000403,2
U000453,2
U000463,2
U000487,2
U000490,3
U000503,2
U000532,2
U000535,2
U000595,2
U000597,2
U000649,2
U000653,2
U000701,2
U000771,2
U000803,2
U000863,2
U000865,2
U000906,2
U000936,2
U000961,2
U000975,3
U001029,2
U001044,2
U001057,2
U001058,2
U001060,2
U001081,2
U001083,2
U001089,2
U001097,2
U001119,2
U001180,2
U001205,2
U001211,3
U001244,2
U001249,2
U001256,2
U001293,2
U001329,2
U001343,2
U001424,3
U001471,2
U001484,2
U001487,2
U001500,2
U001539,2
U001551,2
U001606,2
U001613,2
U001614,2
U001626,3
U001642,2
U001672,2
U001694,2
U001709,2
U001722,2
U001733,2
U001751,2
U001758,2
U001795,2
U001803,2
U001853,2
U001854,2
U001879,2
U001947,2
U001986,2
U001987,2
U001998,2
U002007,2
U002020,2
U002024,2
U002034,2
U002090,2
U002110,2
U002144,2
U002150,2
U002172,2
U002248,2
U002256,2
U002259,2
U002261,2
U002298,2
U002322,3
U002323,2
U002372,2
U002419,2
U002421,2
U002430,2
U002460,3
U002487,2
U002491,2
U002516,2
U002522,2
U002534,2
U002602,2
U002624,2
U002636,2
U002684,2
U002685,2
U002734,3
U002753,2
U002789,3
U002816,2
U002826,2
U002850,2
U002865,2
U002866,2
U002871,2
U002891,2
U002947,3
U002997,2
U003006,2
U003034,2
U003051,2
U003064,2
U003074,2
U003080,2
U003082,2
U003105,3
U003114,2
U003124,2
U003164,2
U003177,2
U003182,2
U003223,2
U003260,2
U003311,2
U003326,3
U003330,3
U003397,2
U003399,2
U003508,2
U003549,2
U003552,2
U003565,2
U003577,2
U003587,2
U003604,2
U003626,2
U003641,2
U003650,2
U003658,2
U003682,3
U003684,2
U003761,2
U003832,2
U003842,2
U003870,2
U003888,2
U003893,2
U003939,2
U003946,2
U003998,3
U003999,3
U004029,2
U004034,2
U004037,2
U004055,2
U004064,2
U004078,2
U004105,2
U004117,2
U004119,2
U004137,2
U004139,2
U004141,2
U004160,2
U004252,2
U004256,2
U004262,2
U004284,2
U004289,3
U004294,2
U004296,2
U004327,2
U004351,2
U004358,2
U004365,2
U004373,2
U004416,2
U004420,2
U004444,2
U004447,2
U004477,2
U004486,2
U004505,2
U004522,2
U004546,2
U004547,2
U004592,3
U004603,2
U004614,2
U004619,2
U004632,3
U004656,2
U004657,2
U004660,2
U004662,2
U004674,3
U004675,2
U004719,2
U004723,3
U004751,3
U004762,2
U004837,2
U004842,2
U004855,2
U004863,2
U004917,2
U004927,2
U004950,2
U004971,2
U004996,3
U005035,2
U005049,2
U005054,2
U005062,2
U005076,2
U005077,2
U005111,2
U005154,2
U005157,2
U005163,2
U005178,2
U005192,2
U005229,2
U005242,2
U005304,2
U005334,2
U005346,3
U005350,2
U005354,2
U005362,2
U005368,2
U005385,2
U005391,2
U005398,2
U005399,2
U005443,2
U005450,2
U005476,2
U005516,2
U005542,2
U005563,2
U005570,2
U005576,2
U005632,2
U005637,2
U005653,2
U005659,2
U005680,2
U005694,3
U005715,2
U005725,2
U005745,2
U005764,2
U005765,2
U005767,2
U005770,2
U005771,2
U005774,2
U005778,2
U005808,2
U005810,2
U005833,2
U005847,3
U005890,2
U005913,2
U005920,2
U005940,2
U005960,2
U005966,2
U005975,2
U005997,3
U006006,2
U006035,2
U006051,2
U006067,3
U006078,2
U006089,2
U006119,2
U006143,2
U006153,2
U006171,2
U006175,2
U006179,2
U006191,2
U006230,2
U006256,2
U006267,2
U006272,3
U006311,2
U006313,2
U006330,2
U006345,2
U006363,2
U006366,2
U006409,2
U006416,2
U006459,2
U006503,2
U006504,2
U006560,2
U006602,2
U006608,2
U006621,2
U006627,2
U006682,3
U006701,3
U006716,2
U006720,2
U006765,2
U006825,2
U006827,2
U006833,2
U006843,2
U006864,2
U006865,2
U006869,2
U006872,2
U006908,3
U006913,2
U006940,2
U006962,2
U007046,2
U007047,2
U007088,2
U007121,2
U007142,2
U007155,2
U007160,2
U007167,2
U007197,2
U007214,3
U007257,2
U007276,2
U007291,2
U007298,2
U007299,2
U007301,2
U007311,2
U007314,2
U007356,2
U007362,2
U007369,2
U007400,2
U007403,3
U007411,2
U007426,2
U007455,2
U007482,3
U007491,2
U007494,2
U007502,2
U007520,2
U007521,2
U007626,2
U007664,2
U007670,2
U007720,2
U007761,2
U007762,2
U007765,2
U007777,2
U007813,3
U007827,2
U007831,2
U007855,3
U007902,2
U007928,3
U007952,2
U007954,2
U007958,2
U007961,2
U007974,2
U008006,2
U008011,2
U008015,2
U008017,2
U008024,2
U008025,2
U008057,2
U008059,3
U008113,2
U008147,2
U008154,2
U008197,2
U008219,2
U008239,2
U008264,2
U008282,2
U008290,2
U008331,3
U008335,2
U008340,2
U008344,2
U008354,2
U008397,2
U008437,2
U008507,2
U008532,2
U008533,2
U008543,2
U008617,2
U008621,2
U008624,2
U008629,2
U008656,2
U008660,2
U008669,2
U008672,2
U008677,2
U008692,2
U008712,2
U008729,2
U008765,2
U008780,2
U008784,2
U008824,2
U008835,2
U008859,2
U008863,2
U008912,2
U008916,3
U008945,2
U008949,2
U008978,2
U009001,2
U009005,2
U009059,2
U009169,2
U009174,2
U009177,2
U009206,2
U009221,2
U009228,2
U009232,2
U009254,2
U009261,2
U009297,2
U009322,2
U009378,2
U009379,2
U009453,3
U009462,2
U009478,2
U009487,2
U009493,2
U009497,3
U009512,2
U009524,2
U009526,3
U009540,2
U009552,2
U009567,2
U009576,2
U009593,2
U009602,2
U009613,2
U009714,3
U009719,2
U009725,2
U009766,2
U009786,2
U009792,2
U009799,3
U009827,2
U009830,2
U009836,2
U009840,2
U009850,2
U009862,2
U009867,2
U009890,2
U009934,2
U009946,2
U009963,2
U000003,2
U000068,2
U000095,2
U000141,2
U000146,2
U000222,2
U000363,2
U000375,2
U000386,2
U000390,2
U000397,2
U000404,2
U000437,2
U000608,2
U000761,2
U000823,2
U000848,2
U000870,2
U000879,2
U000891,2
U000908,2
U000921,2
U000927,2
U000952,2
U001003,2
U001008,2
U001010,2
U001018,2
U001059,2
U001074,2
U001085,2
U001091,2
U001126,2
U001128,2
U001170,2
U001182,2
U001198,2
U001204,2
U001218,2
U001255,2
U001257,2
U001282,2
U001518,2
U001525,2
U001541,2
U001544,2
U001563,2
U001578,2
U001654,2
U001665,2
U001697,2
U001702,2
U001744,2
U001784,2
U001827,2
U001950,2
U001960,2
U001977,2
U001991,2
U002015,2
U002040,2
U002075,2
U002088,2
U002136,2
U002157,2
U002177,2
U002204,2
U002207,2
U002209,2
U002230,2
U002258,2
U002289,2
U002329,2
U002333,2
U002334,2
U002384,2
U002392,2
U002410,2
U002445,2
U002527,2
U002589,2
U002598,2
U002603,2
U002619,2
U002635,2
U002648,2
U002710,2
U002750,2
U002796,2
U002924,2
U002948,2
U002956,2
U003032,2
U003095,2
U003172,2
U003254,2
U003264,2
U003282,2
U003284,2
U003298,2
U003303,2
U003305,2
U003329,2
U003344,2
U003349,2
U003384,2
U003546,2
U003550,2
U003556,2
U003649,2
U003691,2
U003738,2
U003770,2
U003777,2
U003813,2
U003815,2
U003867,2
U003882,2
U003890,2
U003916,2
U003924,2
U003931,2
U003983,2
U004063,2
U004147,2
U004179,2
U004186,2
U004187,2
U004216,2
U004359,2
U004360,2
U004390,2
U004463,2
U004508,2
U004572,2
U004638,2
U004682,2
U004767,2
U004783,2
U004796,2
U004802,2
U004822,2
U004866,2
U004867,2
U004876,2
U004992,2
U005025,2
U005042,2
U005045,2
U005052,2
U005123,2
U005138,2
U005164,2
U005215,2
U005265,2
U005311,2
U005320,2
U005353,2
U005369,2
U005375,2
U005433,2
U005448,2
U005454,2
U005460,2
U005511,2
U005538,2
U005545,2
U005550,2
U005573,2
U005599,2
U005651,2
U005652,2
U005666,2
U005682,2
U005695,2
U005704,2
U005724,2
U005779,2
U005786,2
U005838,2
U005859,2
U005915,2
U005995,2
U006003,2
U006011,2
U006020,2
U006057,2
U006060,2
U006091,2
U006125,2
U006127,2
U006131,2
U006193,2
U006276,2
U006308,2
U006357,2
U006401,2
U006440,2
U006445,2
U006482,2
U006488,2
U006490,2
U006515,2
U006546,2
U006600,2
U006643,2
U006679,2
U006703,2
U006705,2
U006706,2
U006710,2
U006760,2
U006918,2
U006947,2
U006951,2
U007005,2
U007013,2
U007034,2
U007067,2
U007097,2
U007098,2
U007110,2
U007111,2
U007128,2
U007201,2
U007278,2
U007361,2
U007374,2
U007394,2
U007406,2
U007434,2
U007452,2
U007512,2
U007530,2
U007586,2
U007599,2
U007628,2
U007663,2
U007666,2
U007672,2
U007683,2
U007701,2
U007753,2
U007780,2
U007792,2
U007798,2
U007864,2
U007869,2
U007875,2
U007878,2
U007888,2
U007891,2
U007898,2
U007907,2
U007915,2
U007956,2
U007964,2
U008002,2
U008012,2
U008013,2
U008044,2
U008050,2
U008053,2
U008066,2
U008151,2
U008182,2
U008201,2
U008218,2
U008251,2
U008280,2
U008294,2
U008313,2
U008315,2
U008333,2
U008378,2
U008382,2
U008412,2
U008431,2
U008444,2
U008460,2
U008471,2
U008478,2
U008484,2
U008496,2
U008511,2
U008524,2
U008559,2
U008608,2
U008622,2
U008747,2
U008759,2
U008768,2
U008816,2
U008876,2
U008924,2
U008999,2
U009043,2
U009055,2
U009088,2
U009102,2
U009128,2
U009131,2
U009220,2
U009253,2
U009266,2
U009306,2
U009364,2
U009385,2
U009432,2
U009449,2
U009491,2
U009521,2
U009550,2
U009560,2
U009597,2
U009606,2
U009673,2
U009674,2
U009682,2
U009712,2
U009790,2
U009794,2
U009798,2
U009813,2
U009816,2
U009842,2
U009908,2
U009924,2
U009971,2
U009990,2
